w1,lam,lam2,w2,Settling Time,Rise Time,Overshoot,Control Effort,Total Reward,Steady-State Error
0.1,0.1,0.1,0.01,528,0,0.9746154319275541,91.03323941963026,-1072.224837293939,0.0
0.1,0.1,0.1,0.05500000000000001,2557,0,0.989976567830033,196.1968843023642,-1291.7064934460263,0.0
0.1,0.1,0.1,0.1,1069,0,0.9711775406882167,54.20180094707757,-141.71582243147725,0.0
0.1,0.1,0.575,0.01,451,0,0.9752666355243325,49.41793009149842,-116.89375378466598,0.0
0.1,0.1,0.575,0.05500000000000001,273,0,0.9766360313716531,48.133170816116035,-110.35627100375692,0.0
0.1,0.1,0.575,0.1,651,0,0.9896003836665386,50.98373451223597,-123.37124090567283,0.0
0.1,0.1,1.05,0.01,842,0,0.9893138290519361,52.486198503291234,-129.55495533198544,0.0
0.1,0.1,1.05,0.05500000000000001,278,0,0.8553479862362147,48.44251986662857,-109.64985605428174,0.0
0.1,0.1,1.05,0.1,49,0,0.8554123255282642,46.741289258003235,-101.64814667877879,0.0
0.1,0.1,1.525,0.01,49,0,0.8554777391254902,46.75501346588135,-101.63736169976444,0.0
0.1,0.1,1.525,0.05500000000000001,150,0,0.9895486442114902,47.50343051238451,-105.23501450247407,0.0
0.1,0.1,1.525,0.1,1309,0,0.9898576563358047,56.06577027728781,-145.38208157693737,0.0
0.1,0.1,2.0,0.01,469,0,0.8563679979413749,49.841193144908175,-116.17867305114908,0.0
0.1,0.1,2.0,0.05500000000000001,93,0,0.8564564494431018,47.064126204000786,-103.07582084473434,0.0
0.1,0.1,2.0,0.1,220,0,0.9898617494779618,47.988773353397846,-107.38434902901861,0.0
0.1,0.575,0.1,0.01,49,0,0.8565513505309821,46.7692334651947,-101.5356711495332,0.0
0.1,0.575,0.1,0.05500000000000001,49,0,0.8565661526590587,46.76665884256363,-101.53531826055706,0.0
0.1,0.575,0.1,0.1,213,0,0.9899274963690192,47.97769367112778,-107.23290315898565,0.0
0.1,0.575,0.575,0.01,212,0,0.9899746006259407,47.945188613492064,-107.36255266161041,0.0
0.1,0.575,0.575,0.05500000000000001,61,0,0.8567474013596773,46.857056807144545,-101.994943289999,0.0
0.1,0.575,0.575,0.1,49,0,0.8567856036424637,46.75822985172272,-101.522708492793,0.0
0.1,0.575,1.05,0.01,49,0,0.8567922128468752,46.755731999874115,-101.52249895371263,0.0
0.1,0.575,1.05,0.05500000000000001,49,0,0.8567954158693553,46.766941010951996,-101.51547332294946,0.0
0.1,0.575,1.05,0.1,49,0,0.8568053785949945,46.770449697971344,-101.512033861244,0.0
0.1,0.575,1.525,0.01,49,0,0.8568350943058729,46.74989289045334,-101.52153664381767,0.0
0.1,0.575,1.525,0.05500000000000001,49,0,0.8568393866181374,46.74219399690628,-101.52445343815774,0.0
0.1,0.575,1.525,0.1,282,0,0.8569471156030893,48.438095504650846,-109.51016821010549,0.0
0.1,0.575,2.0,0.01,162,0,0.8569807903170585,47.55624716402963,-105.39115475224685,0.0
0.1,0.575,2.0,0.05500000000000001,98,0,0.9893915553165933,47.09334443276748,-103.1796839863033,0.0
0.1,0.575,2.0,0.1,110,0,0.8570487121999264,47.1639541531913,-103.59581506891828,0.0
0.1,1.05,0.1,0.01,116,0,0.8571048925071956,47.213969027390704,-103.79176681855228,0.0
0.1,1.05,0.1,0.05500000000000001,133,0,0.8571161132693291,47.354197796666995,-104.39664591115917,0.0
0.1,1.05,0.1,0.1,158,0,0.8572099082142115,47.55328541994095,-105.26955092839555,0.0
0.1,1.05,0.575,0.01,106,0,0.8572177082121373,47.1719270425383,-103.51481178230587,0.0
0.1,1.05,0.575,0.05500000000000001,59,0,0.8572252322375775,46.816369316075,-101.8328471878104,0.0
0.1,1.05,0.575,0.1,89,0,0.8572400844961406,47.020645178155974,-102.81375182860195,0.0
0.1,1.05,1.05,0.01,119,0,0.8572652967423201,47.247558906441554,-103.88354182186991,0.0
0.1,1.05,1.05,0.05500000000000001,109,0,0.8573315392047167,47.19127907976508,-103.58239602596187,0.0
0.1,1.05,1.05,0.1,124,0,0.857338770261407,47.296791944652796,-104.09844047161054,0.0
0.1,1.05,1.525,0.01,270,0,0.8574215059399606,48.38955179229379,-109.14850197021588,0.0
0.1,1.05,1.525,0.05500000000000001,76,0,0.9899861982491167,46.94380785385147,-102.39524032438386,0.0
0.1,1.05,1.525,0.1,257,0,0.9895067386050285,48.333286223816685,-108.99040308646354,0.0
0.1,1.05,2.0,0.01,254,0,0.8575408002346755,48.25404497003183,-108.47525769029573,0.0
0.1,1.05,2.0,0.05500000000000001,225,0,0.8576480295777321,48.03210267284885,-107.44952109745651,0.0
0.1,1.05,2.0,0.1,49,0,0.8576056580871343,46.77128344774246,-101.45102296251186,0.0
0.1,1.525,0.1,0.01,74,0,0.9894257850662211,46.932345549808815,-102.32405867640607,0.0
0.1,1.525,0.1,0.05500000000000001,54,0,0.8576025023698807,46.77872543549165,-101.63079018070428,0.0
0.1,1.525,0.1,0.1,139,0,0.8576514306992292,47.39300338551402,-104.44537075736034,0.0
0.1,1.525,0.575,0.01,104,0,0.8576909216046334,47.16135736135766,-103.32280771127249,0.0
0.1,1.525,0.575,0.05500000000000001,92,0,0.8576742629766465,47.05899072717875,-102.94178253384761,0.0
0.1,1.525,0.575,0.1,49,0,0.8577045945316553,46.75590980052948,-101.45258136358211,0.0
0.1,1.525,1.05,0.01,78,0,0.8577340349137783,46.963878121227026,-102.44036738004823,0.0
0.1,1.525,1.05,0.05500000000000001,49,0,0.8577121767878533,46.764057755470276,-101.44652712673835,0.0
0.1,1.525,1.05,0.1,121,0,0.9896915057897574,47.302378504304215,-103.96943359888118,0.0
0.1,1.525,1.525,0.01,209,0,0.9898038206676614,47.907191252335906,-106.93070647615167,0.0
0.1,1.525,1.525,0.05500000000000001,60,0,0.8577657048732041,46.82816837867722,-101.80989391363256,0.0
0.1,1.525,1.525,0.1,150,0,0.8577914856404065,47.52703115227632,-105.0165314083398,0.0
0.1,1.525,2.0,0.01,122,0,0.857805124154687,47.267858863575384,-103.9471948832872,0.0
0.1,1.525,2.0,0.05500000000000001,132,0,0.9895965458909459,47.35494338639546,-104.28006079839876,0.0
0.1,1.525,2.0,0.1,82,0,0.8578362015783787,46.974553095933516,-102.59707392330671,0.0
0.1,2.0,0.1,0.01,85,0,0.8578625143438579,47.02683083480224,-102.69181722651456,0.0
0.1,2.0,0.1,0.05500000000000001,49,0,0.8578992902368306,46.792832016944885,-101.42109865242111,0.0
0.1,2.0,0.1,0.1,49,0,0.8579036004841327,46.79228115081787,-101.42007992330278,0.0
0.1,2.0,0.575,0.01,49,0,0.8578791825830937,46.776790499687195,-101.42754834606768,0.0
0.1,2.0,0.575,0.05500000000000001,129,0,0.9894766026954609,47.35465184831992,-104.25041999206198,0.0
0.1,2.0,0.575,0.1,392,0,0.9897870483756014,49.29541089129634,-113.4725250901619,0.0
0.1,2.0,1.05,0.01,258,0,0.857952332314849,48.2392037876416,-108.61568698435619,0.0
0.1,2.0,1.05,0.05500000000000001,213,0,0.8579595268398522,47.91439913446084,-106.99411210028043,0.0
0.1,2.0,1.05,0.1,233,0,0.9897575669867487,48.06350246898364,-107.76444285431049,0.0
0.1,2.0,1.525,0.01,217,0,0.9896030234510756,47.92735450924374,-107.2071949068032,0.0
0.1,2.0,1.525,0.05500000000000001,188,0,0.9895001177300031,47.73666919476818,-106.2413956691172,0.0
0.1,2.0,1.525,0.1,174,0,0.9895300149550373,47.632520199986175,-105.74805480994684,0.0
0.1,2.0,2.0,0.01,95,0,0.8580908484727144,47.099689804861555,-103.07310423397519,0.0
0.1,2.0,2.0,0.05500000000000001,263,0,0.9899880673778625,48.30193173000589,-108.81916595017947,0.0
0.1,2.0,2.0,0.1,178,0,0.8580945525586605,47.6971428465331,-105.93656621299307,0.0
0.575,0.1,0.1,0.01,189,0,0.9897864706594688,47.7470902686473,-106.2334950833671,0.0
0.575,0.1,0.1,0.05500000000000001,162,0,0.9899061461259351,47.55763855110854,-105.3194839222594,0.0
0.575,0.1,0.1,0.1,171,0,0.9897342337211645,47.61212108185282,-105.67597714772663,0.0
0.575,0.1,0.575,0.01,94,0,0.8581196560591459,47.06055268738419,-102.99476010394159,0.0
0.575,0.1,0.575,0.05500000000000001,312,0,0.9899120622902318,48.697502268245444,-110.55930530429059,0.0
0.575,0.1,0.575,0.1,164,0,0.9898381086192987,47.56307039037347,-105.39641615274513,0.0
0.575,0.1,1.05,0.01,192,0,0.9892507243379571,47.80705549148843,-106.54006356023392,0.0
0.575,0.1,1.05,0.05500000000000001,84,0,0.8582265906006098,47.018285147845745,-102.60598002104288,0.0
0.575,0.1,1.05,0.1,49,0,0.8582911877691747,46.796208798885345,-101.39497572132919,0.0
0.575,0.1,1.525,0.01,49,0,0.8582961040616035,46.82433867454529,-101.38000923603317,0.0
0.575,0.1,1.525,0.05500000000000001,49,0,0.8582674505949021,46.81092286109924,-101.38620712031029,0.0
0.575,0.1,1.525,0.1,49,0,0.858237273812294,46.79875534772873,-101.39249757700526,0.0
0.575,0.1,2.0,0.01,49,0,0.8582437475204467,46.7669797539711,-101.40850832973501,0.0
0.575,0.1,2.0,0.05500000000000001,97,0,0.8582053598612547,47.093745606718585,-103.0564894371968,0.0
0.575,0.1,2.0,0.1,180,0,0.9898071452554368,47.655992752173916,-105.9890698555654,0.0
0.575,0.575,0.1,0.01,364,0,0.8582455989331008,49.019987925188616,-112.3183832803057,0.0
0.575,0.575,0.1,0.05500000000000001,159,0,0.8583292492359875,47.54968391149305,-105.19384337148307,0.0
0.575,0.575,0.1,0.1,49,0,0.8583653148889541,46.85806119441986,-101.35939260863009,0.0
0.575,0.575,0.575,0.01,49,0,0.8583104085326195,46.8289874792099,-101.37331824029854,0.0
0.575,0.575,0.575,0.05500000000000001,49,0,0.8583054192125797,46.803488314151764,-101.38625957275616,0.0
0.575,0.575,0.575,0.1,65,0,0.8582776932358742,46.87836538115516,-101.97928062936482,0.0
0.575,0.575,1.05,0.01,138,0,0.9899019573225544,47.3987216365058,-104.475421569758,0.0
0.575,0.575,1.05,0.05500000000000001,164,0,0.9895914992690087,47.53068485041149,-105.33314103601245,0.0
0.575,0.575,1.05,0.1,194,0,0.858358832204342,47.75568381207995,-106.40938241906937,0.0
0.575,0.575,1.525,0.01,49,0,0.858346505200863,46.79761463403702,-101.38692700695394,0.0
0.575,0.575,1.525,0.05500000000000001,49,0,0.8583279644668103,46.78629583120346,-101.3922645123752,0.0
0.575,0.575,1.525,0.1,69,0,0.98976108745812,46.89596089650877,-102.06521104532239,0.0
0.575,0.575,2.0,0.01,228,0,0.9896654004564882,48.02604590484407,-107.53987190365558,0.0
0.575,0.575,2.0,0.05500000000000001,174,0,0.9892423442545534,47.56432968028821,-105.73721635055789,0.0
0.575,0.575,2.0,0.1,195,0,0.8583332523524762,47.71563290868653,-106.32190823611768,0.0
0.575,1.05,0.1,0.01,296,0,0.9899573243696934,48.51095002423972,-109.76416249931609,0.0
0.575,1.05,0.1,0.05500000000000001,143,0,0.9898461057806739,47.38123185117729,-104.73880924147267,0.0
0.575,1.05,0.1,0.1,159,0,0.9896470227046014,47.454915381618775,-105.24803863769463,0.0
0.575,1.05,0.575,0.01,197,0,0.8583936553865672,47.81272075767629,-106.51990436403034,0.0
0.575,1.05,0.575,0.05500000000000001,157,0,0.9897724997821424,47.51251514838077,-105.16423853056018,0.0
0.575,1.05,0.575,0.1,164,0,0.9899792171819747,47.574186653248034,-105.35628349235522,0.0
0.575,1.05,1.05,0.01,260,0,0.9898333144729318,48.234680452151224,-108.69215026733411,0.0
0.575,1.05,1.05,0.05500000000000001,264,0,0.9895940480495138,48.26327908155508,-108.8533190134801,0.0
0.575,1.05,1.05,0.1,238,0,0.9898147392375892,48.111873068497516,-108.00531732528538,0.0
0.575,1.05,1.525,0.01,196,0,0.9898134696454725,47.79946854664013,-106.46042227188185,0.0
0.575,1.05,1.525,0.05500000000000001,184,0,0.8584511413305997,47.68027259683004,-106.02914309980686,0.0
0.575,1.05,1.525,0.1,49,0,0.8585242357641458,46.86129206418991,-101.34727825291561,0.0
0.575,1.05,2.0,0.01,49,0,0.8585899892598392,46.89244645833969,-101.33057338981139,0.0
0.575,1.05,2.0,0.05500000000000001,49,0,0.8586233239144088,46.92154633998871,-101.3149808078253,0.0
0.575,1.05,2.0,0.1,49,0,0.8586723897337913,46.977996468544006,-101.2858488109999,0.0
0.575,1.525,0.1,0.01,49,0,0.8586326912969351,46.93633711338043,-101.30586102398979,0.0
0.575,1.525,0.1,0.05500000000000001,49,0,0.8586173159182072,46.87934798002243,-101.33383604160885,0.0
0.575,1.525,0.1,0.1,49,0,0.8585845664680004,46.84594774246216,-101.35038654516264,0.0
0.575,1.525,0.575,0.01,49,0,0.8585337678700686,46.80193918943405,-101.37211361038841,0.0
0.575,1.525,0.575,0.05500000000000001,52,0,0.8585849517136813,46.80620713613462,-101.47924802189566,0.0
0.575,1.525,0.575,0.1,102,0,0.9896865913562307,47.133228831226006,-103.22017337781364,0.0
0.575,1.525,1.05,0.01,146,0,0.9898314880699717,47.45319184841355,-104.9290158209291,0.0
0.575,1.525,1.05,0.05500000000000001,160,0,0.9899320225754381,47.512899377557915,-105.15850096917272,0.0
0.575,1.525,1.05,0.1,195,0,0.9899591689470821,47.7301405913895,-106.48022383312946,0.0
0.575,1.525,1.525,0.01,164,0,0.8586116496801376,47.577916248119436,-105.35689869847218,0.0
0.575,1.525,1.525,0.05500000000000001,291,0,0.9898989808876318,48.433146968483925,-109.80179792306464,0.0
0.575,1.525,1.525,0.1,318,0,0.9897156550934911,48.66350514278747,-110.68072670307949,0.0
0.575,1.525,2.0,0.01,232,0,0.9899294902187585,47.99679446808295,-107.83161778221175,0.0
0.575,1.525,2.0,0.05500000000000001,258,0,0.9898344786331761,48.17483196617104,-108.66588769816737,0.0
0.575,1.525,2.0,0.1,184,0,0.9899670062085395,47.63304703729227,-106.04704654380862,0.0
0.575,2.0,0.1,0.01,299,0,0.9895028401063298,48.40235928725451,-109.97429472614101,0.0
0.575,2.0,0.1,0.05500000000000001,133,0,0.9891582241412997,47.24731694164802,-104.32607610122571,0.0
0.575,2.0,0.1,0.1,182,0,0.9897482393140621,47.59931621790747,-105.95648064036723,0.0
0.575,2.0,0.575,0.01,185,0,0.9897786010733182,47.56365346815437,-106.12537936781457,0.0
0.575,2.0,0.575,0.05500000000000001,401,0,0.9895977707257485,49.1856188835809,-113.59764764341517,0.0
0.575,2.0,0.575,0.1,123,0,0.9885567160120606,47.10412868973799,-103.90297682480114,0.0
0.575,2.0,1.05,0.01,105,0,0.9898915727942607,47.00845246849349,-103.38613310962207,0.0
0.575,2.0,1.05,0.05500000000000001,113,0,0.989994522466064,47.13906779527315,-103.83332518534176,0.0
0.575,2.0,1.05,0.1,162,0,0.988339087650478,47.42401891632471,-105.30647438141142,0.0
0.575,2.0,1.525,0.01,226,0,0.9889701479750872,47.84543374268105,-107.53651689617183,0.0
0.575,2.0,1.525,0.05500000000000001,419,0,0.9897812598842173,49.3401975230081,-114.26846888176081,0.0
0.575,2.0,1.525,0.1,154,0,0.9890113842135667,47.36072433411027,-105.17985456600536,0.0
0.575,2.0,2.0,0.01,422,0,0.9897262493587994,49.324398961267434,-114.33775852671903,0.0
0.575,2.0,2.0,0.05500000000000001,242,0,0.9899213430949131,48.06389282291639,-108.32596389748147,0.0
0.575,2.0,2.0,0.1,303,0,0.9897403466589259,48.436122884537326,-110.28908346369533,0.0
1.05,0.1,0.1,0.01,124,0,0.989839707441181,47.133775742084254,-103.89451115441851,0.0
1.05,0.1,0.1,0.05500000000000001,303,0,0.9899835133634157,48.44041858200217,-110.1597871613112,0.0
1.05,0.1,0.1,0.1,214,0,0.9899282867667338,47.732028824975714,-107.19266488559134,0.0
1.05,0.1,0.575,0.01,180,0,0.9898710530399495,47.489113022224046,-105.99113848279234,0.0
1.05,0.1,0.575,0.05500000000000001,218,0,0.9889116050323844,47.83164432315971,-107.3245581152475,0.0
1.05,0.1,0.575,0.1,238,0,0.9899512736346555,47.944560714182444,-107.97832316663255,0.0
1.05,0.1,1.05,0.01,181,0,0.9898755210227489,47.52432667906396,-105.96161709656391,0.0
1.05,0.1,1.05,0.05500000000000001,269,0,0.9894816994546128,48.20358081453014,-109.17759059697318,0.0
1.05,0.1,1.05,0.1,235,0,0.9894984839908233,47.98480708905845,-107.97712398175847,0.0
1.05,0.1,1.525,0.01,66,0,0.9898445115447045,46.79733901657164,-101.92118329512658,0.0
1.05,0.1,1.525,0.05500000000000001,50,0,0.8591397963494062,46.91825890960172,-101.32290192416788,0.0
1.05,0.1,1.525,0.1,49,0,0.8591343587964774,47.03192722797394,-101.2349612376924,0.0
1.05,0.1,2.0,0.01,49,0,0.8591147741109133,46.88092619180679,-101.30597234029027,0.0
1.05,0.1,2.0,0.05500000000000001,99,0,0.9890103360661866,47.017692721798085,-103.03657280459225,0.0
1.05,0.1,2.0,0.1,152,0,0.9898191982395764,47.253803123079706,-104.94617050992915,0.0
1.05,0.575,0.1,0.01,164,0,0.989919198744684,47.379245231015375,-105.42607619517185,0.0
1.05,0.575,0.1,0.05500000000000001,316,0,0.989809392951974,48.57961156681995,-110.95805509419675,0.0
1.05,0.575,0.1,0.1,194,0,0.9897617963150332,47.59371442120755,-106.46044571065033,0.0
1.05,0.575,0.575,0.01,332,0,0.9891380001279713,48.671432136092335,-111.28412888311009,0.0
1.05,0.575,0.575,0.05500000000000001,225,0,0.9899882069247672,47.810126114374725,-107.4727228878845,0.0
1.05,0.575,0.575,0.1,181,0,0.989971157859355,47.48154573957436,-105.94390742691374,0.0
1.05,0.575,1.05,0.01,300,0,0.9896515924297035,48.400782338227145,-110.23459932640591,0.0
1.05,0.575,1.05,0.05500000000000001,228,0,0.9887164064863325,47.91216082390747,-107.53640459341553,0.0
1.05,0.575,1.05,0.1,291,0,0.9897442475149314,48.374720811261795,-109.89464692968554,0.0
1.05,0.575,1.525,0.01,126,0,0.9899534970837877,47.09891954640625,-104.14963705201721,0.0
1.05,0.575,1.525,0.05500000000000001,270,0,0.9898860306370256,48.17569624137832,-109.11391844953394,0.0
1.05,0.575,1.525,0.1,245,0,0.9878259040847421,48.061776113696396,-108.67757915668011,0.0
1.05,0.575,2.0,0.01,200,0,0.9899105687349016,47.591756840469316,-106.64697629010018,0.0
1.05,0.575,2.0,0.05500000000000001,231,0,0.9899094556341371,47.81363628790132,-107.71535922339886,0.0
1.05,0.575,2.0,0.1,204,0,0.989406471710879,47.733763622585684,-106.69796308578717,0.0
1.05,1.05,0.1,0.01,218,0,0.9883887225818634,47.831199493899476,-107.36500683550838,0.0
1.05,1.05,0.1,0.05500000000000001,148,0,0.9879217541319132,47.232430534029845,-104.91452049842911,0.0
1.05,1.05,0.1,0.1,272,0,0.9899532756325206,48.1421896374668,-109.20836139366125,0.0
1.05,1.05,0.575,0.01,145,0,0.988092471113801,47.27274686197052,-104.65216551888014,0.0
1.05,1.05,0.575,0.05500000000000001,174,0,0.9880416066855192,47.52033547972678,-105.72234764155512,0.0
1.05,1.05,0.575,0.1,158,0,0.9897422384266381,47.376485859334935,-105.38004399448532,0.0
1.05,1.05,1.05,0.01,186,0,0.9873264351963997,47.52234474528814,-106.21195544518918,0.0
1.05,1.05,1.05,0.05500000000000001,216,0,0.989971327734008,47.72756062273402,-107.39837300289992,0.0
1.05,1.05,1.05,0.1,278,0,0.9879839464443922,48.24063087790273,-109.40182115260316,0.0
1.05,1.05,1.525,0.01,260,0,0.9896144756576245,48.11026634846348,-108.9293573673861,0.0
1.05,1.05,1.525,0.05500000000000001,266,0,0.9897592990066054,48.19614688248839,-109.12940951051604,0.0
1.05,1.05,1.525,0.1,121,0,0.9875749076035618,47.072954040020704,-103.91701766340444,0.0
1.05,1.05,2.0,0.01,360,0,0.9898216414554544,48.80026074685156,-112.21928367152617,0.0
1.05,1.05,2.0,0.05500000000000001,152,0,0.9878490878817439,47.30995635234285,-105.08338025677145,0.0
1.05,1.05,2.0,0.1,181,0,0.9896842343271519,47.47834789531771,-106.22671044209645,0.0
1.05,1.525,0.1,0.01,237,0,0.9894615405961019,48.05896351078991,-108.38391414138137,0.0
1.05,1.525,0.1,0.05500000000000001,255,0,0.9899735050707269,48.02745383582078,-108.42216156709634,0.0
1.05,1.525,0.1,0.1,295,0,0.9899952671381328,48.2760304256808,-109.97426163581403,0.0
1.05,1.525,0.575,0.01,232,0,0.9874925931766629,47.93891768643516,-107.76550311898663,0.0
1.05,1.525,0.575,0.05500000000000001,141,0,0.9898446874426425,47.28053162561264,-104.88649406086249,0.0
1.05,1.525,0.575,0.1,332,0,0.989653298969985,48.63183862040751,-111.45090003135726,0.0
1.05,1.525,1.05,0.01,403,0,0.9876930184388162,49.21767065144377,-113.7600628008133,0.0
1.05,1.525,1.05,0.05500000000000001,231,0,0.9879059686326981,47.870879893249366,-107.8790012134184,0.0
1.05,1.525,1.05,0.1,239,0,0.9876041907402875,47.98032318672631,-108.12054848574246,0.0
1.05,1.525,1.525,0.01,256,0,0.9896760950153286,48.01679747912567,-108.79386208908291,0.0
1.05,1.525,1.525,0.05500000000000001,277,0,0.987251149905026,48.20644913776778,-109.48095108080325,0.0
1.05,1.525,1.525,0.1,284,0,0.9898672215863759,48.1957733562449,-109.57419210259052,0.0
1.05,1.525,2.0,0.01,190,0,0.9898987375822754,47.60374876236892,-106.40553801210523,0.0
1.05,1.525,2.0,0.05500000000000001,194,0,0.9899645347746916,47.589316321886145,-106.64305771201518,0.0
1.05,1.525,2.0,0.1,426,0,0.9898879300176984,49.37612723803613,-114.79397447174148,0.0
1.05,2.0,0.1,0.01,168,0,0.9895656722267354,47.38136863632826,-105.52092242719624,0.0
1.05,2.0,0.1,0.05500000000000001,234,0,0.989572698283404,47.916472793294815,-107.88823889415286,0.0
1.05,2.0,0.1,0.1,331,0,0.9897725277297313,48.84153152140789,-112.18098982886347,0.0
1.05,2.0,0.575,0.01,281,0,0.9893286027773801,48.15574892095174,-109.42772005964672,0.0
1.05,2.0,0.575,0.05500000000000001,243,0,0.9878154504281282,47.886569530237466,-108.0801520907971,0.0
1.05,2.0,0.575,0.1,226,0,0.9895091320721541,47.81398458592594,-107.55944640132448,0.0
1.05,2.0,1.05,0.01,335,0,0.9885039986780286,48.63436152134091,-111.39601648860373,0.0
1.05,2.0,1.05,0.05500000000000001,146,0,0.9880770734271407,47.25410908344202,-104.87429713294149,0.0
1.05,2.0,1.05,0.1,287,0,0.9898636916891921,48.25401361193508,-109.82394192842042,0.0
1.05,2.0,1.525,0.01,285,0,0.9875823070368172,48.26886409058352,-109.7085178499116,0.0
1.05,2.0,1.525,0.05500000000000001,383,0,0.9898473953908388,48.989062721142545,-113.05768259925918,0.0
1.05,2.0,1.525,0.1,180,0,0.9898371251277689,47.55299199043657,-105.98786516600904,0.0
1.05,2.0,2.0,0.01,523,0,0.9896817530170814,50.103823293582536,-118.22269188585128,0.0
1.05,2.0,2.0,0.05500000000000001,166,0,0.9899329195807447,47.378363564028405,-105.55018088418215,0.0
1.05,2.0,2.0,0.1,178,0,0.9896394163641139,47.48406191065442,-105.82977967081334,0.0
1.525,0.1,0.1,0.01,119,0,0.9891329685738683,47.138019882841036,-103.75962010352353,0.0
1.525,0.1,0.1,0.05500000000000001,426,0,0.9880321434131265,49.32472954952391,-114.47206886589387,0.0
1.525,0.1,0.1,0.1,291,0,0.9898893322270611,48.3471311548783,-109.86366989799046,0.0
1.525,0.1,0.575,0.01,386,0,0.9896700256630062,49.0820869714953,-113.4609574320566,0.0
1.525,0.1,0.575,0.05500000000000001,273,0,0.9899691326791166,48.166706049931236,-109.20249768401538,0.0
1.525,0.1,0.575,0.1,419,0,0.9873418781211972,49.2662322698161,-114.3975715964973,0.0
1.525,0.1,1.05,0.01,133,0,0.9872374234250189,47.181400967529044,-104.42595791571247,0.0
1.525,0.1,1.05,0.05500000000000001,176,0,0.9897843595894975,47.45123666734435,-105.96119204776213,0.0
1.525,0.1,1.05,0.1,246,0,0.9874104515135289,48.02936045161914,-108.28813618351518,0.0
1.525,0.1,1.525,0.01,255,0,0.9878018668830395,48.00451903254725,-108.61658512177829,0.0
1.525,0.1,1.525,0.05500000000000001,354,0,0.9897593108530702,48.81170712644234,-112.15016695398658,0.0
1.525,0.1,1.525,0.1,170,0,0.9899914881622582,47.46434479384334,-105.66834604188709,0.0
1.525,0.1,2.0,0.01,223,0,0.9883615061104298,47.78861853189301,-107.50005850027341,0.0
1.525,0.1,2.0,0.05500000000000001,550,0,0.9898354115884762,50.28490024805069,-119.15875197632197,0.0
1.525,0.1,2.0,0.1,348,0,0.9876865548282863,48.71704441565089,-111.75365573614997,0.0
1.525,0.575,0.1,0.01,324,0,0.988028259396553,48.548897177446634,-110.96173217004272,0.0
1.525,0.575,0.1,0.05500000000000001,701,0,0.9894880763356316,51.38266709051095,-124.17572222415438,0.0
1.525,0.575,0.1,0.1,156,0,0.9892257499217988,47.40965066943318,-105.12731915823673,0.0
1.525,0.575,0.575,0.01,103,0,0.9899010801552828,46.97531867004,-103.17974095697915,0.0
1.525,0.575,0.575,0.05500000000000001,229,0,0.9873027043163778,47.98023423750419,-107.92120183900411,0.0
1.525,0.575,0.575,0.1,190,0,0.9899673096771967,47.51922257000115,-106.38522595353132,0.0
1.525,0.575,1.05,0.01,228,0,0.9899819489342803,47.82091214787215,-107.6418637203742,0.0
1.525,0.575,1.05,0.05500000000000001,354,0,0.9882226259946822,48.79683819366619,-112.0324187110736,0.0
1.525,0.575,1.05,0.1,223,0,0.9879361988842488,47.864083063730504,-107.64387475282774,0.0
1.525,0.575,1.525,0.01,447,0,0.9899152577180763,49.51084187437664,-115.44084337542205,0.0
1.525,0.575,1.525,0.05500000000000001,131,0,0.9899853523575022,47.14761839012499,-104.2858187916782,0.0
1.525,0.575,1.525,0.1,137,0,0.9895608753034624,47.18222338834312,-104.50202425689048,0.0
1.525,0.575,2.0,0.01,216,0,0.9877925232112408,47.790005173999816,-107.27168649097979,0.0
1.525,0.575,2.0,0.05500000000000001,286,0,0.9899950646074489,48.220216106041335,-109.67204966972226,0.0
1.525,0.575,2.0,0.1,248,0,0.9880033990114928,48.01583679241594,-108.24367569473262,0.0
1.525,1.05,0.1,0.01,297,0,0.9880609651178123,48.43610671849456,-110.4258842820669,0.0
1.525,1.05,0.1,0.05500000000000001,189,0,0.9895996932145771,47.49590392419486,-106.28106256686424,0.0
1.525,1.05,0.1,0.1,164,0,0.9897751297444338,47.39178136034752,-105.37959668444822,0.0
1.525,1.05,0.575,0.01,260,0,0.9878302674174309,48.154175513307564,-108.93829026520675,0.0
1.525,1.05,0.575,0.05500000000000001,154,0,0.988095139580965,47.36165831214748,-105.16282461733273,0.0
1.525,1.05,0.575,0.1,394,0,0.9899489104476524,49.00998657318996,-113.47760963413695,0.0
1.525,1.05,1.05,0.01,441,0,0.9882372236937285,49.41702763849753,-115.18367749987766,0.0
1.525,1.05,1.05,0.05500000000000001,273,0,0.9898803497309498,48.13882819953142,-109.09348544224078,0.0
1.525,1.05,1.05,0.1,262,0,0.9876176113277674,48.10295701096766,-108.86609804704182,0.0
1.525,1.05,1.525,0.01,327,0,0.9899257262024834,48.719223524443805,-111.4810201503137,0.0
1.525,1.05,1.525,0.05500000000000001,319,0,0.9888743162751198,48.549559097155,-110.67160149629771,0.0
1.525,1.05,1.525,0.1,194,0,0.988056543558836,47.64696379174711,-106.51875356090338,0.0
1.525,1.05,2.0,0.01,254,0,0.9874638512730598,48.00843745563179,-108.54055769270731,0.0
1.525,1.05,2.0,0.05500000000000001,390,0,0.9898076464510634,49.07371797412634,-113.4073375832455,0.0
1.525,1.05,2.0,0.1,307,0,0.9895257918182468,48.4671070324257,-110.31999567248477,0.0
1.525,1.525,0.1,0.01,264,0,0.9895147249483689,48.11618007242214,-109.10376729310252,0.0
1.525,1.525,0.1,0.05500000000000001,315,0,0.9899077205029163,48.53130544885062,-110.728001105631,0.0
1.525,1.525,0.1,0.1,238,0,0.9880486370235682,47.99246278661303,-108.03387985439774,0.0
1.525,1.525,0.575,0.01,243,0,0.9898988834845618,47.92772408219753,-108.180835154309,0.0
1.525,1.525,0.575,0.05500000000000001,206,0,0.9899943918550375,47.7462977754185,-106.9380996609359,0.0
1.525,1.525,0.575,0.1,298,0,0.9895798522784017,48.40299568348564,-110.01347731674308,0.0
1.525,1.525,1.05,0.01,243,0,0.9898377774345419,48.00283919426147,-108.34345330421317,0.0
1.525,1.525,1.05,0.05500000000000001,313,0,0.988063826006651,48.596251828654204,-111.16166756164031,0.0
1.525,1.525,1.05,0.1,398,0,0.9895732232576719,49.088024621189106,-113.49192899669457,0.0
1.525,1.525,1.525,0.01,236,0,0.9899653537304048,47.876153796561994,-107.9218535730513,0.0
1.525,1.525,1.525,0.05500000000000001,186,0,0.9899859604898202,47.52081935002934,-106.12795548614115,0.0
1.525,1.525,1.525,0.1,149,0,0.9898497436152165,47.32078663422726,-104.97236617262995,0.0
1.525,1.525,2.0,0.01,224,0,0.9899352685854289,47.84525305367424,-107.65672586186909,0.0
1.525,1.525,2.0,0.05500000000000001,300,0,0.989890146009231,48.32606097785174,-110.2040560885572,0.0
1.525,1.525,2.0,0.1,243,0,0.9883669110655786,47.99624790085363,-108.25150326242871,0.0
1.525,2.0,0.1,0.01,191,0,0.9878317770183087,47.6250802797731,-106.32523202117869,0.0
1.525,2.0,0.1,0.05500000000000001,135,0,0.98832250700593,47.231752306979615,-104.48285262548339,0.0
1.525,2.0,0.1,0.1,153,0,0.9877946428179742,47.31934086320689,-105.12580924350154,0.0
1.525,2.0,0.575,0.01,256,0,0.9898049082544456,47.99404601164861,-108.61488611344022,0.0
1.525,2.0,0.575,0.05500000000000001,251,0,0.9899993257063682,48.11914817854995,-108.59145847605929,0.0
1.525,2.0,0.575,0.1,292,0,0.9897665545090913,48.32671426917659,-109.84900396309385,0.0
1.525,2.0,1.05,0.01,440,0,0.9896561354002877,49.42374561907491,-114.91847001052938,0.0
1.525,2.0,1.05,0.05500000000000001,252,0,0.9883467268079519,48.027796112699434,-108.47540385573942,0.0
1.525,2.0,1.05,0.1,351,0,0.9896877476346609,48.72318550106138,-111.98754446036656,0.0
1.525,2.0,1.525,0.01,198,0,0.9896205913448055,47.66234104975592,-106.59152615257517,0.0
1.525,2.0,1.525,0.05500000000000001,152,0,0.9880791896909475,47.3006002973998,-104.92010046706031,0.0
1.525,2.0,1.525,0.1,177,0,0.9898126814478435,47.513472713995725,-105.85028913448969,0.0
1.525,2.0,2.0,0.01,272,0,0.9874966721862555,48.29084491793765,-109.39405936534283,0.0
1.525,2.0,2.0,0.05500000000000001,263,0,0.9898483370402749,48.07421154866461,-108.69656465978709,0.0
1.525,2.0,2.0,0.1,273,0,0.9899349118877038,48.20966217809473,-109.24044392630078,0.0
2.0,0.1,0.1,0.01,241,0,0.9896719858835968,47.87349077677936,-108.09919743673096,0.0
2.0,0.1,0.1,0.05500000000000001,139,0,0.989847742161352,47.23272487265058,-104.49863085027513,0.0
2.0,0.1,0.1,0.1,170,0,0.9898179895446596,47.41767234704457,-105.70692977085352,0.0
2.0,0.1,0.575,0.01,281,0,0.9883727355629206,48.26618462370243,-109.7578680473273,0.0
2.0,0.1,0.575,0.05500000000000001,256,0,0.9876758650273084,48.05538200621959,-108.53882557902719,0.0
2.0,0.1,0.575,0.1,273,0,0.9899613402505146,48.16565780778183,-109.11341471047251,0.0
2.0,0.1,1.05,0.01,264,0,0.9882369495362043,48.29131351108663,-109.42719255505745,0.0
2.0,0.1,1.05,0.05500000000000001,323,0,0.9895283046109496,48.55676835851045,-111.0180367409272,0.0
2.0,0.1,1.05,0.1,346,0,0.9885933326810599,48.73522386388504,-111.66519660852553,0.0
2.0,0.1,1.525,0.01,229,0,0.9896344396455455,47.84667577408254,-107.73411803186758,0.0
2.0,0.1,1.525,0.05500000000000001,486,0,0.9897178837858367,49.917463709483854,-117.29363284098645,0.0
2.0,0.1,1.525,0.1,247,0,0.9899534387696661,47.99773731827736,-108.19583411109315,0.0
2.0,0.1,2.0,0.01,644,0,0.9898457378344883,50.86384185566567,-121.93695380659753,0.0
2.0,0.1,2.0,0.05500000000000001,284,0,0.9899252445289413,48.309067665133625,-109.56576251814609,0.0
2.0,0.1,2.0,0.1,379,0,0.9898038861767943,48.92865504362271,-112.79652534232449,0.0
2.0,0.575,0.1,0.01,196,0,0.9898615828021353,47.63090122147696,-106.62629428239221,0.0
2.0,0.575,0.1,0.05500000000000001,220,0,0.9876572921514511,47.75451110082213,-107.37423176813655,0.0
2.0,0.575,0.1,0.1,64,0,0.8596954233050346,46.78427732898854,-101.82830550966517,0.0
2.0,0.575,0.575,0.01,107,0,0.9888880670309067,47.129439083859324,-103.27932745265102,0.0
2.0,0.575,0.575,0.05500000000000001,59,0,0.9879395902693271,46.88092892989516,-101.592826636504,0.0
2.0,0.575,0.575,0.1,67,0,0.987511006975174,46.856846230104566,-101.91918280855096,0.0
2.0,0.575,1.05,0.01,59,0,0.9878437445700169,46.83183526061475,-101.64634498815276,0.0
2.0,0.575,1.05,0.05500000000000001,59,0,0.9878351409375667,46.775915302336216,-101.68932943356118,0.0
2.0,0.575,1.05,0.1,60,0,0.9875457726955414,46.763512012548745,-101.72873638586775,0.0
2.0,0.575,1.525,0.01,109,0,0.9897889613255443,46.998705935664475,-103.45492294965348,0.0
2.0,0.575,1.525,0.05500000000000001,323,0,0.9894741471128132,48.56456450524274,-110.93596535495175,0.0
2.0,0.575,1.525,0.1,112,0,0.988379585647583,47.03536861928296,-103.64968102720924,0.0
2.0,0.575,2.0,0.01,89,0,0.9889640813708306,47.03640518069733,-102.73068572264148,0.0
2.0,0.575,2.0,0.05500000000000001,145,0,0.9894816415777473,47.313749773893505,-104.8510036689953,0.0
2.0,0.575,2.0,0.1,252,0,0.9897278840851356,48.026838782650884,-108.49557224665463,0.0
2.0,1.05,0.1,0.01,155,0,0.9899366872097652,47.279139587364625,-105.08459278659518,0.0
2.0,1.05,0.1,0.05500000000000001,178,0,0.989665012868766,47.47670068775187,-105.86819991738548,0.0
2.0,1.05,0.1,0.1,441,0,0.9887782796561718,49.57651245978195,-115.49334726776732,0.0
2.0,1.05,0.575,0.01,142,0,0.9892232772377635,47.214908194961026,-104.71109628687407,0.0
2.0,1.05,0.575,0.05500000000000001,159,0,0.9888564346671105,47.37196372426115,-105.16048187842314,0.0
2.0,1.05,0.575,0.1,206,0,0.9899773548545734,47.76647720969049,-107.1031409554233,0.0
2.0,1.05,1.05,0.01,241,0,0.9882506643772125,47.923662643443095,-107.98566568010997,0.0
2.0,1.05,1.05,0.05500000000000001,461,0,0.9899656370399537,49.583924060862046,-115.99427396701672,0.0
2.0,1.05,1.05,0.1,371,0,0.9889184857845306,48.89320020226296,-112.50304349835385,0.0
2.0,1.05,1.525,0.01,254,0,0.9894572531660496,48.16114835976623,-108.6499159176856,0.0
2.0,1.05,1.525,0.05500000000000001,183,0,0.9886372694909573,47.58985676045995,-106.18852214708001,0.0
2.0,1.05,1.525,0.1,359,0,0.9898356788338644,48.82745970640099,-112.24403985724845,0.0
2.0,1.05,2.0,0.01,330,0,0.9882388625681401,48.70183840376558,-111.68967850571616,0.0
2.0,1.05,2.0,0.05500000000000001,164,0,0.9899660542882636,47.353932265454205,-105.46501154454954,0.0
2.0,1.05,2.0,0.1,288,0,0.9899573438580954,48.25130023394013,-109.70921531531037,0.0
2.0,1.525,0.1,0.01,311,0,0.9899059243047169,48.531030899088364,-110.56169482235771,0.0
2.0,1.525,0.1,0.05500000000000001,256,0,0.9894632390434682,48.002954404917546,-108.58548428360862,0.0
2.0,1.525,0.1,0.1,306,0,0.9896061162961146,48.46847441495629,-110.52484961573069,0.0
2.0,1.525,0.575,0.01,350,0,0.9885490132808685,48.81708500752575,-112.16415706399647,0.0
2.0,1.525,0.575,0.05500000000000001,295,0,0.9895370477794457,48.32640002743574,-109.89047945836677,0.0
2.0,1.525,0.575,0.1,292,0,0.9882033865094184,48.31879782525357,-109.84278049904682,0.0
2.0,1.525,1.05,0.01,371,0,0.9896409969075673,48.91679407344782,-112.74584976914367,0.0
2.0,1.525,1.05,0.05500000000000001,430,0,0.9897411576558512,49.451509784470545,-115.11510158058621,0.0
2.0,1.525,1.05,0.1,267,0,0.9886815620601177,48.23307070566807,-109.2137449421995,0.0
2.0,1.525,1.525,0.01,392,0,0.9882941761553288,49.05685703200288,-113.21448878658838,0.0
2.0,1.525,1.525,0.05500000000000001,372,0,0.9880818701922893,48.89978395376238,-112.48091645061118,0.0
2.0,1.525,1.525,0.1,507,0,0.9896297320635585,49.93990048422711,-117.50458804130616,0.0
2.0,1.525,2.0,0.01,484,0,0.9896306128833811,49.740367358666845,-116.42175457313866,0.0
2.0,1.525,2.0,0.05500000000000001,164,0,0.9897949691254795,47.43875000986736,-105.66970502574972,0.0
2.0,1.525,2.0,0.1,190,0,0.9890141456961632,47.60534628335154,-106.16701287360794,0.0
2.0,2.0,0.1,0.01,140,0,0.9899006699759076,47.232207467081025,-104.54231702297699,0.0
2.0,2.0,0.1,0.05500000000000001,184,0,0.9882739124238491,47.56995306839235,-106.07430505308517,0.0
2.0,2.0,0.1,0.1,296,0,0.9895376579904166,48.364984779502265,-110.03116937621114,0.0
2.0,2.0,0.575,0.01,585,0,0.9883400299489498,50.585586677043466,-120.37984937412108,0.0
2.0,2.0,0.575,0.05500000000000001,240,0,0.9896934806494715,47.93929617202957,-108.06637908151723,0.0
2.0,2.0,0.575,0.1,167,0,0.859719687461853,47.55157217977103,-105.38393959185586,0.0
2.0,2.0,1.05,0.01,49,0,0.8597218680977822,46.82525819540024,-101.30364646474246,0.0
2.0,2.0,1.05,0.05500000000000001,73,0,0.9899616907324128,46.98205655114725,-102.2653619093121,0.0
2.0,2.0,1.05,0.1,372,0,0.9899061350937731,48.930331587209366,-112.52051536247887,0.0
2.0,2.0,1.525,0.01,206,0,0.9899882304868758,47.68580928113079,-106.85553776667746,0.0
2.0,2.0,1.525,0.05500000000000001,327,0,0.9894238465070724,48.59839593723882,-110.90942514058335,0.0
2.0,2.0,1.525,0.1,158,0,0.9898500292770633,47.286585162510164,-105.21585057957513,0.0
2.0,2.0,2.0,0.01,335,0,0.9898240076192293,48.64234296922223,-111.37782113815973,0.0
2.0,2.0,2.0,0.05500000000000001,193,0,0.9891136526107788,47.652538297639694,-106.47037642030091,0.0
2.0,2.0,2.0,0.1,226,0,0.9899544689277653,47.85981560999062,-107.77724948782875,0.0
